model,encoder,dataset,endpoint,split,metric,value,n_labeled,n_positive,params,data_sha256,git_commit,date
rf_bioactivity,ecfp4-2048,bace1,pIC50_BACE1,test,r2,0.5932812878816023,810.0,517.0,"{""max_features"": 0.1, ""n_estimators"": 500}",b340ddf73f38e10f8b6a2948156417661a269ffc9a6d9b097b538c4690e1b041,b37ca7a-dirty,2026-10-03
rf_bioactivity,ecfp4-2048,bace1,pIC50_BACE1,test,rmse,0.811997771780758,810.0,517.0,"{""max_features"": 0.1, ""n_estimators"": 500}",b340ddf73f38e10f8b6a2948156417661a269ffc9a6d9b097b538c4690e1b041,b37ca7a-dirty,2026-10-03
rf_bioactivity,ecfp4-2048,bace1,pIC50_BACE1,test,roc_auc,0.8830744449798984,810.0,517.0,"{""max_features"": 0.1, ""n_estimators"": 500}",b340ddf73f38e10f8b6a2948156417661a269ffc9a6d9b097b538c4690e1b041,b37ca7a-dirty,2026-10-03
rf_bioactivity,ecfp4-2048,bace1,pIC50_BACE1,val,r2,0.6638621912368554,808.0,484.0,"{""max_features"": 0.1, ""n_estimators"": 500}",b340ddf73f38e10f8b6a2948156417661a269ffc9a6d9b097b538c4690e1b041,b37ca7a-dirty,2026-10-03
rf_bioactivity,ecfp4-2048,bace1,pIC50_BACE1,val,rmse,0.782377138139791,808.0,484.0,"{""max_features"": 0.1, ""n_estimators"": 500}",b340ddf73f38e10f8b6a2948156417661a269ffc9a6d9b097b538c4690e1b041,b37ca7a-dirty,2026-10-03
rf_bioactivity,ecfp4-2048,bace1,pIC50_BACE1,val,roc_auc,0.9162234720946842,808.0,484.0,"{""max_features"": 0.1, ""n_estimators"": 500}",b340ddf73f38e10f8b6a2948156417661a269ffc9a6d9b097b538c4690e1b041,b37ca7a-dirty,2026-10-03
rf_bioactivity,ecfp4-2048,egfr,pIC50_EGFR,test,r2,0.5089595587488915,1035.0,790.0,"{""max_features"": ""sqrt"", ""n_estimators"": 500}",b340ddf73f38e10f8b6a2948156417661a269ffc9a6d9b097b538c4690e1b041,b37ca7a-dirty,2026-10-03
rf_bioactivity,ecfp4-2048,egfr,pIC50_EGFR,test,rmse,0.8709067960023736,1035.0,790.0,"{""max_features"": ""sqrt"", ""n_estimators"": 500}",b340ddf73f38e10f8b6a2948156417661a269ffc9a6d9b097b538c4690e1b041,b37ca7a-dirty,2026-10-03
rf_bioactivity,ecfp4-2048,egfr,pIC50_EGFR,test,roc_auc,0.8773185223456472,1035.0,790.0,"{""max_features"": ""sqrt"", ""n_estimators"": 500}",b340ddf73f38e10f8b6a2948156417661a269ffc9a6d9b097b538c4690e1b041,b37ca7a-dirty,2026-10-03
rf_bioactivity,ecfp4-2048,egfr,pIC50_EGFR,val,r2,0.3814072663481757,1034.0,678.0,"{""max_features"": ""sqrt"", ""n_estimators"": 500}",b340ddf73f38e10f8b6a2948156417661a269ffc9a6d9b097b538c4690e1b041,b37ca7a-dirty,2026-10-03
rf_bioactivity,ecfp4-2048,egfr,pIC50_EGFR,val,rmse,0.9780737867571689,1034.0,678.0,"{""max_features"": ""sqrt"", ""n_estimators"": 500}",b340ddf73f38e10f8b6a2948156417661a269ffc9a6d9b097b538c4690e1b041,b37ca7a-dirty,2026-10-03
rf_bioactivity,ecfp4-2048,egfr,pIC50_EGFR,val,roc_auc,0.8155306420072255,1034.0,678.0,"{""max_features"": ""sqrt"", ""n_estimators"": 500}",b340ddf73f38e10f8b6a2948156417661a269ffc9a6d9b097b538c4690e1b041,b37ca7a-dirty,2026-10-03
rf_toxicity,ecfp4-2048,clintox,CT_TOX,test,roc_auc,0.7510288065843622,144.0,9.0,"{""max_features"": ""log2"", ""n_estimators"": 500}",b340ddf73f38e10f8b6a2948156417661a269ffc9a6d9b097b538c4690e1b041,f46dff9-dirty,2026-10-03
rf_toxicity,ecfp4-2048,clintox,CT_TOX,val,roc_auc,0.8314102564102563,142.0,12.0,"{""max_features"": ""log2"", ""n_estimators"": 500}",b340ddf73f38e10f8b6a2948156417661a269ffc9a6d9b097b538c4690e1b041,f46dff9-dirty,2026-10-03
rf_toxicity,ecfp4-2048,clintox,FDA_APPROVED,test,roc_auc,0.5561594202898551,144.0,138.0,"{""max_features"": ""log2"", ""n_estimators"": 500}",b340ddf73f38e10f8b6a2948156417661a269ffc9a6d9b097b538c4690e1b041,f46dff9-dirty,2026-10-03
rf_toxicity,ecfp4-2048,clintox,FDA_APPROVED,val,roc_auc,0.8383067314365025,142.0,131.0,"{""max_features"": ""log2"", ""n_estimators"": 500}",b340ddf73f38e10f8b6a2948156417661a269ffc9a6d9b097b538c4690e1b041,f46dff9-dirty,2026-10-03
rf_toxicity,ecfp4-2048,clintox,macro_clintox,test,roc_auc,0.6535941134371086,,,"{""n_estimators"": 500}",b340ddf73f38e10f8b6a2948156417661a269ffc9a6d9b097b538c4690e1b041,f46dff9-dirty,2026-10-03
rf_toxicity,ecfp4-2048,clintox,macro_clintox,val,roc_auc,0.8348584939233794,,,"{""n_estimators"": 500}",b340ddf73f38e10f8b6a2948156417661a269ffc9a6d9b097b538c4690e1b041,f46dff9-dirty,2026-10-03
rf_toxicity,ecfp4-2048,overall,macro_overall,test,roc_auc,0.7088771656162421,,,"{""n_estimators"": 500}",b340ddf73f38e10f8b6a2948156417661a269ffc9a6d9b097b538c4690e1b041,f46dff9-dirty,2026-10-03
rf_toxicity,ecfp4-2048,overall,macro_overall,val,roc_auc,0.746322889213836,,,"{""n_estimators"": 500}",b340ddf73f38e10f8b6a2948156417661a269ffc9a6d9b097b538c4690e1b041,f46dff9-dirty,2026-10-03
rf_toxicity,ecfp4-2048,tox21,NR-AR,test,roc_auc,0.5484717302899121,704.0,11.0,"{""max_features"": 0.1, ""n_estimators"": 500}",b340ddf73f38e10f8b6a2948156417661a269ffc9a6d9b097b538c4690e1b041,f46dff9-dirty,2026-10-03
rf_toxicity,ecfp4-2048,tox21,NR-AR,val,roc_auc,0.8309200879765396,706.0,24.0,"{""max_features"": 0.1, ""n_estimators"": 500}",b340ddf73f38e10f8b6a2948156417661a269ffc9a6d9b097b538c4690e1b041,f46dff9-dirty,2026-10-03
rf_toxicity,ecfp4-2048,tox21,NR-AR-LBD,test,roc_auc,0.8459349593495935,627.0,12.0,"{""max_features"": ""sqrt"", ""n_estimators"": 500}",b340ddf73f38e10f8b6a2948156417661a269ffc9a6d9b097b538c4690e1b041,f46dff9-dirty,2026-10-03
rf_toxicity,ecfp4-2048,tox21,NR-AR-LBD,val,roc_auc,0.8639988998899889,624.0,18.0,"{""max_features"": ""sqrt"", ""n_estimators"": 500}",b340ddf73f38e10f8b6a2948156417661a269ffc9a6d9b097b538c4690e1b041,f46dff9-dirty,2026-10-03
rf_toxicity,ecfp4-2048,tox21,NR-AhR,test,roc_auc,0.8468323586744639,613.0,100.0,"{""max_features"": ""log2"", ""n_estimators"": 500}",b340ddf73f38e10f8b6a2948156417661a269ffc9a6d9b097b538c4690e1b041,f46dff9-dirty,2026-10-03
rf_toxicity,ecfp4-2048,tox21,NR-AhR,val,roc_auc,0.8528985926912609,619.0,62.0,"{""max_features"": ""log2"", ""n_estimators"": 500}",b340ddf73f38e10f8b6a2948156417661a269ffc9a6d9b097b538c4690e1b041,f46dff9-dirty,2026-10-03
rf_toxicity,ecfp4-2048,tox21,NR-Aromatase,test,roc_auc,0.8010015692790546,517.0,46.0,"{""max_features"": ""log2"", ""n_estimators"": 500}",b340ddf73f38e10f8b6a2948156417661a269ffc9a6d9b097b538c4690e1b041,f46dff9-dirty,2026-10-03
rf_toxicity,ecfp4-2048,tox21,NR-Aromatase,val,roc_auc,0.6928238407258065,528.0,32.0,"{""max_features"": ""log2"", ""n_estimators"": 500}",b340ddf73f38e10f8b6a2948156417661a269ffc9a6d9b097b538c4690e1b041,f46dff9-dirty,2026-10-03
rf_toxicity,ecfp4-2048,tox21,NR-ER,test,roc_auc,0.6540650129480713,564.0,58.0,"{""max_features"": ""log2"", ""n_estimators"": 500}",b340ddf73f38e10f8b6a2948156417661a269ffc9a6d9b097b538c4690e1b041,f46dff9-dirty,2026-10-03
rf_toxicity,ecfp4-2048,tox21,NR-ER,val,roc_auc,0.6487998300644339,545.0,58.0,"{""max_features"": ""log2"", ""n_estimators"": 500}",b340ddf73f38e10f8b6a2948156417661a269ffc9a6d9b097b538c4690e1b041,f46dff9-dirty,2026-10-03
rf_toxicity,ecfp4-2048,tox21,NR-ER-LBD,test,roc_auc,0.5703179594689028,654.0,18.0,"{""max_features"": ""sqrt"", ""n_estimators"": 500}",b340ddf73f38e10f8b6a2948156417661a269ffc9a6d9b097b538c4690e1b041,f46dff9-dirty,2026-10-03
rf_toxicity,ecfp4-2048,tox21,NR-ER-LBD,val,roc_auc,0.6539062500000001,662.0,22.0,"{""max_features"": ""sqrt"", ""n_estimators"": 500}",b340ddf73f38e10f8b6a2948156417661a269ffc9a6d9b097b538c4690e1b041,f46dff9-dirty,2026-10-03
rf_toxicity,ecfp4-2048,tox21,NR-PPAR-gamma,test,roc_auc,0.729655990510083,592.0,30.0,"{""max_features"": 0.1, ""n_estimators"": 500}",b340ddf73f38e10f8b6a2948156417661a269ffc9a6d9b097b538c4690e1b041,f46dff9-dirty,2026-10-03
rf_toxicity,ecfp4-2048,tox21,NR-PPAR-gamma,val,roc_auc,0.7016753091344237,568.0,23.0,"{""max_features"": 0.1, ""n_estimators"": 500}",b340ddf73f38e10f8b6a2948156417661a269ffc9a6d9b097b538c4690e1b041,f46dff9-dirty,2026-10-03
rf_toxicity,ecfp4-2048,tox21,SR-ARE,test,roc_auc,0.6805659670164916,530.0,116.0,"{""max_features"": ""log2"", ""n_estimators"": 500}",b340ddf73f38e10f8b6a2948156417661a269ffc9a6d9b097b538c4690e1b041,f46dff9-dirty,2026-10-03
rf_toxicity,ecfp4-2048,tox21,SR-ARE,val,roc_auc,0.6565365668813945,482.0,105.0,"{""max_features"": ""log2"", ""n_estimators"": 500}",b340ddf73f38e10f8b6a2948156417661a269ffc9a6d9b097b538c4690e1b041,f46dff9-dirty,2026-10-03
rf_toxicity,ecfp4-2048,tox21,SR-ATAD5,test,roc_auc,0.7820152343949697,662.0,31.0,"{""max_features"": ""log2"", ""n_estimators"": 500}",b340ddf73f38e10f8b6a2948156417661a269ffc9a6d9b097b538c4690e1b041,f46dff9-dirty,2026-10-03
rf_toxicity,ecfp4-2048,tox21,SR-ATAD5,val,roc_auc,0.658161648177496,661.0,30.0,"{""max_features"": ""log2"", ""n_estimators"": 500}",b340ddf73f38e10f8b6a2948156417661a269ffc9a6d9b097b538c4690e1b041,f46dff9-dirty,2026-10-03
rf_toxicity,ecfp4-2048,tox21,SR-HSE,test,roc_auc,0.6998090157726629,626.0,53.0,"{""max_features"": ""log2"", ""n_estimators"": 500}",b340ddf73f38e10f8b6a2948156417661a269ffc9a6d9b097b538c4690e1b041,f46dff9-dirty,2026-10-03
rf_toxicity,ecfp4-2048,tox21,SR-HSE,val,roc_auc,0.6063710499490316,581.0,36.0,"{""max_features"": ""log2"", ""n_estimators"": 500}",b340ddf73f38e10f8b6a2948156417661a269ffc9a6d9b097b538c4690e1b041,f46dff9-dirty,2026-10-03
rf_toxicity,ecfp4-2048,tox21,SR-MMP,test,roc_auc,0.7637254901960784,488.0,80.0,"{""max_features"": ""log2"", ""n_estimators"": 500}",b340ddf73f38e10f8b6a2948156417661a269ffc9a6d9b097b538c4690e1b041,f46dff9-dirty,2026-10-03
rf_toxicity,ecfp4-2048,tox21,SR-MMP,val,roc_auc,0.860221622085048,540.0,108.0,"{""max_features"": ""log2"", ""n_estimators"": 500}",b340ddf73f38e10f8b6a2948156417661a269ffc9a6d9b097b538c4690e1b041,f46dff9-dirty,2026-10-03
rf_toxicity,ecfp4-2048,tox21,SR-p53,test,roc_auc,0.6946968038528898,635.0,64.0,"{""max_features"": ""sqrt"", ""n_estimators"": 500}",b340ddf73f38e10f8b6a2948156417661a269ffc9a6d9b097b538c4690e1b041,f46dff9-dirty,2026-10-03
rf_toxicity,ecfp4-2048,tox21,SR-p53,val,roc_auc,0.752489763571523,632.0,67.0,"{""max_features"": ""sqrt"", ""n_estimators"": 500}",b340ddf73f38e10f8b6a2948156417661a269ffc9a6d9b097b538c4690e1b041,f46dff9-dirty,2026-10-03
rf_toxicity,ecfp4-2048,tox21,macro_tox21,test,roc_auc,0.7180910076460978,,,"{""n_estimators"": 500}",b340ddf73f38e10f8b6a2948156417661a269ffc9a6d9b097b538c4690e1b041,f46dff9-dirty,2026-10-03
rf_toxicity,ecfp4-2048,tox21,macro_tox21,val,roc_auc,0.7315669550955789,,,"{""n_estimators"": 500}",b340ddf73f38e10f8b6a2948156417661a269ffc9a6d9b097b538c4690e1b041,f46dff9-dirty,2026-10-03
